id,addtime,brand,model1,discountprice,originalprice,vehicleage,kilometer,imgurl,xqurl,city,thumbsupnum,crazilynum,clicktime,clicknum,discussnum,storeupnum
145,2026-03-11 06:59:41,雪佛兰 创酷 ,雪佛兰 创酷 2014款 1.4T 自动两驱豪华型,1.4,1.4,2014年,15.72,"https://image-public.guazistatic.com/qnbdp7206xfd204a94b42d4e189426774b50d150b81772590064.jpg?x-bce-process=image/quality,q_88/resize,m_fill,w_330,h_220",https://www.guazi.com/car-detail/c163278276288212.html,广州,0,0,,0,0,0
171,2026-03-11 06:59:52,红旗H7 ,红旗H7 2015款 2.0T 豪华型,2.71,2.71,2015年,8.72,"https://image-public.guazistatic.com/qnbdp7206x8ded336335fa4d8cbd0b41dea491ff7b1772430616.jpg?x-bce-process=image/quality,q_88/resize,m_fill,w_330,h_220",https://www.guazi.com/car-detail/c163394184192321.html,广州,0,0,,0,0,0
275,2026-03-11 06:59:47,日产 轩逸 ,日产 轩逸 2016款 经典 1.6XE 手动舒适版,2.43,2.43,2017年,11.96,"https://image-public.guazistatic.com/qnbdp7206x697b02895f6c4911ab8cd2c31fe5abf11772459864.jpg?x-bce-process=image/quality,q_88/resize,m_fill,w_330,h_220",https://www.guazi.com/car-detail/c163449230230742.html,广州,0,0,,0,0,0
277,2026-03-11 06:54:07,别克 英朗 ,别克 英朗 2017款 15N 自动精英型,2.46,2.46,2017年,11.26,"https://image-public.guazistatic.com/qnbdp7206xada8977da38b426cb72e77e8416326ea1772505246.jpg?x-bce-process=image/quality,q_88/resize,m_fill,w_330,h_220",https://www.guazi.com/car-detail/c163547509743040.html,广州,0,0,,0,0,0
290,2026-03-11 06:59:41,吉利汽车 帝豪GS ,吉利汽车 帝豪GS 2017款 运动版 1.3T 自动智联型,2.38,2.38,2017年,11.59,"https://image-public.guazistatic.com/qnbdp7206x5211b23e2cf34836963db724ed8c1a171772255740.jpg?x-bce-process=image/quality,q_88/resize,m_fill,w_330,h_220",https://www.guazi.com/car-detail/c163278668852485.html,广州,0,0,,0,0,0
300,2026-03-11 06:59:47,雪佛兰 科鲁兹 ,雪佛兰 科鲁兹 2013款 掀背 1.6L 自动豪华型,1.62,1.62,2015年,12.33,"https://image-public.guazistatic.com/qnbdp7206x9187d3dd9700455c8185e18bf6daa9711772182066.jpg?x-bce-process=image/quality,q_88/resize,m_fill,w_330,h_220",https://www.guazi.com/car-detail/c163320672164678.html,广州,0,0,,0,0,0
303,2026-03-11 06:59:47,东南DX3 ,东南DX3 2016款 1.5T CVT旗舰型,1.82,1.82,2017年,5.51,"https://image-public.guazistatic.com/qnbdp7206xe65cb815cb884a6b94a847e62855238e1770537377.jpg?x-bce-process=image/quality,q_88/resize,m_fill,w_330,h_220",https://www.guazi.com/car-detail/c162846443139718.html,广州,0,0,,0,0,0
325,2026-03-11 06:59:52,哈弗H6 ,哈弗H6 2017款 红标 运动版 1.5T 自动两驱豪华型,2.72,2.72,2017年,8.66,"https://image-public.guazistatic.com/qnbdp7206x7f81e28f84d441f28cc31e590df5aff31772706479.jpg?x-bce-process=image/quality,q_88/resize,m_fill,w_330,h_220",https://www.guazi.com/car-detail/c163695782325636.html,广州,0,0,,0,0,0
329,2026-03-11 06:59:47,福特 翼虎 ,福特 翼虎 2015款 1.5L GTDi 两驱风尚型,2.4,2.4,2015年,16.47,"https://image-public.guazistatic.com/qnbdp7206x0b8d417d945844ee83241005aad8f8bf1772519815.jpg?x-bce-process=image/quality,q_88/resize,m_fill,w_330,h_220",https://www.guazi.com/car-detail/c163575442110268.html,广州,0,0,,0,0,0
353,2026-03-11 06:59:52,雪佛兰 科沃兹 ,雪佛兰 科沃兹 2019款 320 自动欣享天窗版,2.45,2.45,2018年,7.04,"https://image-public.guazistatic.com/qnbdp7206x38f4a29722a4463980a0b78272a2a6b61766901162.jpg?x-bce-process=image/quality,q_88/resize,m_fill,w_330,h_220",https://www.guazi.com/car-detail/c161050742127530.html,广州,0,0,,0,0,0
413,2026-03-11 06:59:52,长安CS35 ,长安CS35 2016款 1.6L 手动豪华型 国IV,1.66,1.66,2016年,9.84,"https://image-public.guazistatic.com/qnbdp7964x1703e45cb30b41bcb005f638410a9af01766112998.jpg?x-bce-process=image/quality,q_88/resize,m_fill,w_330,h_220",https://www.guazi.com/car-detail/c160800860184062.html,汉中,0,0,,0,0,0
420,2026-03-11 06:59:52,福特 福睿斯 ,福特 福睿斯 2019款 改款 1.5L 自动悦享型 国VI,2.88,2.88,2019年,14.12,"https://image-public.guazistatic.com/qnbdp7206x719ada49450a49cea51b1873eae534d21772597553.jpg?x-bce-process=image/quality,q_88/resize,m_fill,w_330,h_220",https://www.guazi.com/car-detail/c163578737183022.html,广州,0,0,,0,0,0
467,2026-03-11 06:59:41,雪佛兰 科沃兹 ,雪佛兰 科沃兹 2016款 1.5L 自动欣享版,2.16,2.16,2017年,15.42,"https://image-public.guazistatic.com/qnbdp7964xcd041a2af13d4c27b529fded19523ad61765678950.jpg?x-bce-process=image/quality,q_88/resize,m_fill,w_330,h_220",https://www.guazi.com/car-detail/c160585041273398.html,广州,0,0,,0,0,0
468,2026-03-11 06:59:52,标致308 ,标致308 2019款 230THP 自动豪华版 国V,2.99,2.99,2019年,9.98,"https://image-public.guazistatic.com/qnbdp7206x16c08c7061d247e2af271e1a82bdb6711767927440.jpg?x-bce-process=image/quality,q_88/resize,m_fill,w_330,h_220",https://www.guazi.com/car-detail/c161534942526451.html,广州,0,0,,0,0,0
585,2026-03-11 06:59:47,东风风光 风光580 ,东风风光 风光580 2016款 1.5T 手动豪华型,1.48,1.48,2016年,3.66,"https://image-public.guazistatic.com/qnbdp7206x7e01776d66e6454886d03ea20d83a13d1772679369.jpg?x-bce-process=image/quality,q_88/resize,m_fill,w_330,h_220",https://www.guazi.com/car-detail/c163660110745243.html,广州,0,0,,0,0,0
674,2026-03-11 06:54:07,起亚K2 ,起亚K2 2017款 三厢 1.4L AT GLS,2.82,2.82,2017年,6.54,"https://image-public.guazistatic.com/qnbdp7206x0d6aca21431f4eedb1fade22dd4732751772262837.jpg?x-bce-process=image/quality,q_88/resize,m_fill,w_330,h_220",https://www.guazi.com/car-detail/c163340794122646.html,广州,0,0,,0,0,0
709,2026-03-11 06:59:47,五菱汽车 五菱宏光S3 ,五菱汽车 五菱宏光S3 2018款 1.5T 手动豪华型 国V,2.82,2.82,2018年,12.14,"https://image-public.guazistatic.com/qnbdp7206xcf5d13b943794698b00a652622d4dc081772625887.jpg?x-bce-process=image/quality,q_88/resize,m_fill,w_330,h_220",https://www.guazi.com/car-detail/c163650363932067.html,广州,0,0,,0,0,0
743,2026-03-11 06:59:41,东风风光 风光580 ,东风风光 风光580 2017款 1.5T CVT豪华型,1.93,1.93,2017年,13.03,"https://image-public.guazistatic.com/qnbdp7206xdbcd7cf4191744f08207dfbcaf4d63ba1770055238.jpg?x-bce-process=image/quality,q_88/resize,m_fill,w_330,h_220",https://www.guazi.com/car-detail/c162502781151192.html,广州,0,0,,0,0,0
794,2026-03-11 06:59:41,雪佛兰 科沃兹 ,雪佛兰 科沃兹 2019款 320 手动欣悦版,2.17,2.17,2018年,7.98,"https://image-public.guazistatic.com/qnbdp7206xff80e825d8614ac4a21048263498f05a1772613149.jpg?x-bce-process=image/quality,q_88/resize,m_fill,w_330,h_220",https://www.guazi.com/car-detail/c163572709174488.html,广州,0,0,,0,0,0
822,2026-03-11 06:59:47,福特 蒙迪欧 ,福特 蒙迪欧 2013款 1.5L GTDi180舒适型,2.73,2.73,2015年,10.45,"https://image-public.guazistatic.com/qnbdp7206x8ed4822bcfde4a56af1b2808f5ca1b3f1772279810.jpg?x-bce-process=image/quality,q_88/resize,m_fill,w_330,h_220",https://www.guazi.com/car-detail/c163359440250674.html,广州,0,0,,0,0,0
851,2026-03-11 06:54:07,猎豹汽车 猎豹CS10 ,猎豹汽车 猎豹CS10 2016款 2.0T 自动豪华型,1.87,1.87,2016年,4.09,"https://image-public.guazistatic.com/qnbdp7206x54b697812c6a4d35bc5d00f45acc613d1772617824.jpg?x-bce-process=image/quality,q_88/resize,m_fill,w_330,h_220",https://www.guazi.com/car-detail/c163647584483313.html,广州,0,0,,0,0,0
880,2026-03-11 06:59:52,福特 翼虎 ,福特 翼虎 2015款 1.5L GTDi 两驱风尚型,2.62,2.62,2015年,10.24,"https://image-public.guazistatic.com/qnbdp7206x1a0b608cfda74399a031cb759e8fa3a81772448283.jpg?x-bce-process=image/quality,q_88/resize,m_fill,w_330,h_220",https://www.guazi.com/car-detail/c163498593314147.html,广州,0,0,,0,0,0
894,2026-03-11 06:59:41,雪佛兰 ,雪佛兰 2015款 赛欧3 1.3L AMT理想版,1.82,1.82,2017年,6.67,"https://image-public.guazistatic.com/qnbdp7206xa469e028fbf34581a358586f2760ed671772171377.jpg?x-bce-process=image/quality,q_88/resize,m_fill,w_330,h_220",https://www.guazi.com/car-detail/c163000818931090.html,广州,0,0,,0,0,0
922,2026-03-11 06:54:07,宝骏510 ,宝骏510 2017款 1.5L 自动豪华型,1.87,1.87,2017年,10.63,"https://image-public.guazistatic.com/qnbdp7206xf97d2856a83443c3a9c30e59e0f163d61772590755.jpg?x-bce-process=image/quality,q_88/resize,m_fill,w_330,h_220",https://www.guazi.com/car-detail/c163495346325643.html,广州,0,0,,0,0,0
1082,2026-03-11 06:59:41,荣威RX5 ,荣威RX5 2016款 20T 两驱自动旗舰版,2.48,2.48,2017年,16.4,"https://image-public.guazistatic.com/qnbdp7206x7f3e5aa95c7c4e28aafe44ec8cc19c4c1772694727.jpg?x-bce-process=image/quality,q_88/resize,m_fill,w_330,h_220",https://www.guazi.com/car-detail/c163691338497079.html,广州,0,0,,0,0,0
1114,2026-03-11 06:59:47,别克 凯越 ,别克 凯越 2015款 1.5L 手动尊享型,1.66,1.66,2015年,9.21,"https://image-public.guazistatic.com/qnbdp7206xe8fa25dbe4fd40e78e437e83e32e56211772335531.jpg?x-bce-process=image/quality,q_88/resize,m_fill,w_330,h_220",https://www.guazi.com/car-detail/c163467938633702.html,宣城,0,0,,0,0,0
1117,2026-03-11 06:59:41,大众 捷达 ,大众 捷达 2015款 质惠版 1.6L 手动时尚型,2.21,2.21,2017年,7.24,"https://image-public.guazistatic.com/qnbdp7206x286c67e134594f0ba2404944ec0e92001772590276.jpg?x-bce-process=image/quality,q_88/resize,m_fill,w_330,h_220",https://www.guazi.com/car-detail/c163600454285250.html,武汉,0,0,,0,0,0
1227,2026-03-11 06:59:52,江淮瑞风 瑞风M3 ,江淮瑞风 瑞风M3 2015款 创客版 1.6L 豪华智能型,1.66,1.66,2016年,16.8,"https://image-public.guazistatic.com/qnbdp7206x74616abc75804f88bb52e711135933ee1768026765.jpg?x-bce-process=image/quality,q_88/resize,m_fill,w_330,h_220",https://www.guazi.com/car-detail/c161596121258362.html,广州,0,0,,0,0,0
1231,2026-03-11 06:59:52,别克 英朗 ,别克 英朗 2018款 18T 自动精英型,2.97,2.97,2019年,9.98,"https://image-public.guazistatic.com/qnbdp7206x6a48ce0c49814365bc028ffc8de6bf101772487539.jpg?x-bce-process=image/quality,q_88/resize,m_fill,w_330,h_220",https://www.guazi.com/car-detail/c163459592254712.html,广州,0,0,,0,0,0
1235,2026-03-11 06:54:07,大众 Polo ,大众 Polo 2014款 1.6L 自动豪华版,2.75,2.75,2014年,10.35,"https://image-public.guazistatic.com/qnbdp7206x99cdbc570f054fceaebf22a46f7bd4921772093485.jpg?x-bce-process=image/quality,q_88/resize,m_fill,w_330,h_220",https://www.guazi.com/car-detail/c163291233313896.html,广州,0,0,,0,0,0
1315,2026-03-11 06:59:47,长安欧尚 奔奔E-Star ,长安欧尚 奔奔E-Star 2021款 国民版 心悦版（快充版）磷酸铁锂（31.95kWh）,2.36,2.36,2021年,11.09,"https://image-public.guazistatic.com/qnbdp7206xa6bed4d152244d50ab10fec28467d7be1766804031.jpg?x-bce-process=image/quality,q_88/resize,m_fill,w_330,h_220",https://www.guazi.com/car-detail/c161126262308014.html,常州,0,0,,0,0,0
1329,2026-03-11 06:59:52,奔腾小马 ,奔腾小马 2026款 222km 萌趣马,2.95,2.95,2025年,0.0,"https://image-public.guazistatic.com/qnbdp7964x1b0b507ca89e44b792bede8544c838ae1768384468.jpg?x-bce-process=image/quality,q_88/resize,m_fill,w_330,h_220",https://www.guazi.com/car-detail/c161825545203323.html,菏泽,0,0,,0,0,0
1624,2026-03-11 06:59:41,五菱汽车 宏光MINIEV ,五菱汽车 宏光MINIEV 2022款 马卡龙臻享款 磷酸铁锂,2.11,2.11,2022年,3.59,"https://image-public.guazistatic.com/qnbdp7206x098ceb3f7cc44c08afa708c5eba7b43e1768617108.jpg?x-bce-process=image/quality,q_88/resize,m_fill,w_330,h_220",https://www.guazi.com/car-detail/c161948000705700.html,成都,0,0,,0,0,0
1657,2026-03-11 06:54:07,长安欧尚 奔奔E-Star ,长安欧尚 奔奔E-Star 2021款 国民版 心悦版 磷酸铁锂（31.86kWh）,2.77,2.77,2021年,3.19,"https://image-public.guazistatic.com/qnbdp7964xc0dbeb7668484d008eb3f145b4bdbabc1762756345.jpg?x-bce-process=image/quality,q_88/resize,m_fill,w_330,h_220",https://www.guazi.com/car-detail/c159371626296592.html,广州,0,0,,0,0,0
1675,2026-03-11 06:59:41,吉利银河 ,吉利银河 2024款 熊猫mini 200km 耐力熊,2.92,2.92,2024年,1.99,"https://image-public.guazistatic.com/qnbdp7206xf52230180969407393b8b38350e1d9581769045618.jpg?x-bce-process=image/quality,q_88/resize,m_fill,w_330,h_220",https://www.guazi.com/car-detail/c162130331172935.html,无锡,0,0,,0,0,0
1687,2026-03-11 06:54:07,五菱汽车 宏光MINIEV ,五菱汽车 宏光MINIEV 2022款 马卡龙时尚款 磷酸铁锂,1.99,1.99,2023年,2.95,"https://image-public.guazistatic.com/qnbdp7206x6295626ceb0542eebd5ec71856f5e8131767750999.jpg?x-bce-process=image/quality,q_88/resize,m_fill,w_330,h_220",https://www.guazi.com/car-detail/c160089353228193.html,潍坊,0,0,,0,0,0
1708,2026-03-11 06:59:41,五菱汽车 宏光MINIEV ,五菱汽车 宏光MINIEV 2022款 马卡龙时尚款 三元锂,1.95,1.95,2022年,2.21,"https://image-public.guazistatic.com/qnbdp7964x88fbaa0dd7b1408bb011708b36c62d4c1764917574.jpg?x-bce-process=image/quality,q_88/resize,m_fill,w_330,h_220",https://www.guazi.com/car-detail/c160292380494290.html,湖州,0,0,,0,0,0
1736,2026-03-11 06:54:07,吉利银河 ,吉利银河 2023款 熊猫mini 200km 耐力熊,2.65,2.65,2023年,4.78,"https://image-public.guazistatic.com/qnbdp7206xf02f7862874b4113a78f4a3e938ba5ec1771834739.jpg?x-bce-process=image/quality,q_88/resize,m_fill,w_330,h_220",https://www.guazi.com/car-detail/c163149679328441.html,广州,0,0,,0,0,0
1797,2026-03-11 06:59:52,宝骏E100 ,宝骏E100 2019款 250KM 智行版,2.04,2.04,2020年,3.86,"https://image-public.guazistatic.com/qnbdp7964x3e1ab2c4b9f94149b12023ac2e75164a1772090698.jpg?x-bce-process=image/quality,q_88/resize,m_fill,w_330,h_220",https://www.guazi.com/car-detail/c163231049243564.html,邯郸,0,0,,0,0,0
1811,2026-03-11 06:54:07,思皓 花仙子 ,思皓 花仙子 2021款 302km 时尚型 30.2kWh,2.72,2.72,2021年,2.49,"https://image-public.guazistatic.com/qnbdp7206xf8022f1be16a4a7f936625c730a94f3b1772521227.jpg?x-bce-process=image/quality,q_88/resize,m_fill,w_330,h_220",https://www.guazi.com/car-detail/c163586293132857.html,广州,0,0,,0,0,0
1843,2026-03-11 06:54:07,奔腾小马 ,奔腾小马 2025款 222km 闪电马,2.88,2.88,2025年,0.84,"https://image-public.guazistatic.com/qnbdp7206xc9381f6cdaa24b6c8db0b214499561f81770532497.jpg?x-bce-process=image/quality,q_88/resize,m_fill,w_330,h_220",https://www.guazi.com/car-detail/c162217776324866.html,广州,0,0,,0,0,0
1877,2026-03-11 06:59:52,荣威 科莱威CLEVER ,荣威 科莱威CLEVER 2022款 311km元气啵啵版,2.79,2.79,2022年,2.03,"https://image-public.guazistatic.com/qnbdp7206xda97a51aa72245e19871665369b7b29e1769236754.jpg?x-bce-process=image/quality,q_88/resize,m_fill,w_330,h_220",https://www.guazi.com/car-detail/c162238009963852.html,宿迁,0,0,,0,0,0
1881,2026-03-11 06:59:52,奔腾小马 ,奔腾小马 2025款 222km 灵动马,2.96,2.96,2025年,0.0,"https://image-public.guazistatic.com/qnbdp7206x0f68d5413b6b4667bb6b8872c04c69591768542351.jpg?x-bce-process=image/quality,q_88/resize,m_fill,w_330,h_220",https://www.guazi.com/car-detail/c161911562150971.html,商丘,0,0,,0,0,0
1914,2026-03-11 06:59:47,五菱汽车 宏光MINIEV ,五菱汽车 宏光MINIEV 2022款 马卡龙臻享款 磷酸铁锂,2.27,2.27,2022年,3.0,"https://image-public.guazistatic.com/qnbdp7964x70b4d69dcc9c43508621b6e5a75924ba1772706420.jpg?x-bce-process=image/quality,q_88/resize,m_fill,w_330,h_220",https://www.guazi.com/car-detail/c163648621262585.html,郑州,0,0,,0,0,0
2053,2026-03-11 06:59:52,吉利汽车 缤越 ,吉利汽车 缤越 2021款 1.4T 手动黄金版,3.13,3.13,2023年,9.64,"https://image-public.guazistatic.com/qnbdp7206xf3ecd7d231054dedbddcaf957b217dc81772533991.jpg?x-bce-process=image/quality,q_88/resize,m_fill,w_330,h_220",https://www.guazi.com/car-detail/c163599716305741.html,广州,0,0,,0,0,0
2085,2026-03-11 06:59:41,福特 福睿斯 ,福特 福睿斯 2019款 EcoBoost 125 自动臻享型,3.13,3.13,2019年,9.09,"https://image-public.guazistatic.com/qnbdp7206xd855e16c86984f90b7769e6ce488da101772684890.jpg?x-bce-process=image/quality,q_88/resize,m_fill,w_330,h_220",https://www.guazi.com/car-detail/c163615338187469.html,广州,0,0,,0,0,0
2133,2026-03-11 06:54:07,雪佛兰 探界者 ,雪佛兰 探界者 2018款 550T 自动四驱拓界版,4.59,4.59,2018年,16.32,"https://image-public.guazistatic.com/qnbdp7206x3e8c41892a484adc9dd47c94cccbdfbf1770450465.jpg?x-bce-process=image/quality,q_88/resize,m_fill,w_330,h_220",https://www.guazi.com/car-detail/c162846976323699.html,广州,0,0,,0,0,0
2181,2026-03-11 06:59:41,马自达CX-5 ,马自达CX-5 2015款 2.0L 自动两驱都市型,4.78,4.78,2017年,10.22,"https://image-public.guazistatic.com/qnbdp7206x511ae1e495e44b849339b45c304916e91772505767.jpg?x-bce-process=image/quality,q_88/resize,m_fill,w_330,h_220",https://www.guazi.com/car-detail/c163537803323808.html,广州,0,0,,0,0,0
2315,2026-03-11 06:54:07,比亚迪 宋MAX ,比亚迪 宋MAX 2018款 1.5T 自动智联精英型 6座,3.47,3.47,2019年,6.06,"https://image-public.guazistatic.com/qnbdp7206x07e9fa30721842258f1e61cd0ca1b1c81772422541.jpg?x-bce-process=image/quality,q_88/resize,m_fill,w_330,h_220",https://www.guazi.com/car-detail/c163488738322530.html,广州,0,0,,0,0,0
2340,2026-03-11 06:59:47,大众 高尔夫 ,大众 高尔夫 2017款 230TSI 自动舒适百万辆纪念版,4.45,4.45,2017年,10.03,"https://image-public.guazistatic.com/qnbdp7206xb0f55d790df6478ab454c11c37ecf22f1771943616.jpg?x-bce-process=image/quality,q_88/resize,m_fill,w_330,h_220",https://www.guazi.com/car-detail/c163119167192155.html,广州,0,0,,0,0,0
2343,2026-03-11 06:59:47,现代 菲斯塔 ,现代 菲斯塔 2019款 280TGDi 运动版 国V,4.22,4.22,2018年,8.75,"https://image-public.guazistatic.com/qnbdp7206x2bea111e98a442f18090c095af20287d1772604230.jpg?x-bce-process=image/quality,q_88/resize,m_fill,w_330,h_220",https://www.guazi.com/car-detail/c163585555104501.html,广州,0,0,,0,0,0
2393,2026-03-11 06:59:52,起亚 焕驰 ,起亚 焕驰 2020款 改款 1.4L 自动舒适天窗版,4.37,4.37,2022年,1.59,"https://image-public.guazistatic.com/qnbdp7206x19295013d48a4e9388ce8c5dcc600e901772696430.jpg?x-bce-process=image/quality,q_88/resize,m_fill,w_330,h_220",https://www.guazi.com/car-detail/c163684009246318.html,淄博,0,0,,0,0,0
2412,2026-03-11 06:59:41,起亚K3 ,起亚K3 2019款 1.5L CVT新锐版,4.39,4.39,2020年,8.6,"https://image-public.guazistatic.com/qnbdp7206x07f484615b9c46458061bfd3cb71e4ed1772466863.jpg?x-bce-process=image/quality,q_88/resize,m_fill,w_330,h_220",https://www.guazi.com/car-detail/c163262537308275.html,广州,0,0,,0,0,0
2417,2026-03-11 06:59:52,马自达CX-4 ,马自达CX-4 2018款 2.0L 自动两驱蓝天活力版 国V,4.75,4.75,2018年,17.12,"https://image-public.guazistatic.com/qnbdp7206x284bd428afc34516acb94c50548852f81772079364.jpg?x-bce-process=image/quality,q_88/resize,m_fill,w_330,h_220",https://www.guazi.com/car-detail/c163275110148903.html,广州,0,0,,0,0,0
2488,2026-03-11 06:54:07,现代 途胜 ,现代 途胜 2018款 1.6T 双离合两驱15周年特别版,4.67,4.67,2018年,12.19,"https://image-public.guazistatic.com/qnbdp7206x11fe15aecfa14269aaef6e348af42fc71764478413.jpg?x-bce-process=image/quality,q_88/resize,m_fill,w_330,h_220",https://www.guazi.com/car-detail/c160057700140598.html,广州,0,0,,0,0,0
2489,2026-03-11 06:59:47,哈弗H9 ,哈弗H9 2015款 2.0T 四驱豪华型 7座,4.8,4.8,2015年,9.01,"https://image-public.guazistatic.com/qnbdp7206xb9713b9090cb485b862c99ceac6ab31b1767328909.jpg?x-bce-process=image/quality,q_88/resize,m_fill,w_330,h_220",https://www.guazi.com/car-detail/c161343589968646.html,雅安,0,0,,0,0,0
2517,2026-03-11 06:54:07,大众 凌渡 ,大众 凌渡 2018款 230TSI DSG风尚版,4.67,4.67,2018年,9.55,"https://image-public.guazistatic.com/qnbdp7206x55c2c6c840c24884906c2796f6bb21231756701721.jpg?x-bce-process=image/quality,q_88/resize,m_fill,w_330,h_220",https://www.guazi.com/car-detail/c156485174247366.html,合肥,0,0,,0,0,0
2583,2026-03-11 06:59:52,铃木 维特拉 ,铃木 维特拉 2016款 1.4T 自动四驱精英型,4.87,4.87,2017年,13.64,"https://image-public.guazistatic.com/qnbdp7206x4df94d25863c45ca82f97609db6723071772341077.jpg?x-bce-process=image/quality,q_88/resize,m_fill,w_330,h_220",https://www.guazi.com/car-detail/c163417819281443.html,广州,0,0,,0,0,0
2584,2026-03-11 06:54:07,哈弗H6 ,哈弗H6 2020款 1.5GDIT 自动铂金冠军版,4.26,4.26,2020年,10.4,"https://image-public.guazistatic.com/qnbdp7206x633de448f60442a1bd2a27c49c429c611772250150.jpg?x-bce-process=image/quality,q_88/resize,m_fill,w_330,h_220",https://www.guazi.com/car-detail/c163261758189488.html,广州,0,0,,0,0,0
2587,2026-03-11 06:54:07,本田 享域 ,本田 享域 2019款 180TURBO CVT乐享版 国VI,4.29,4.29,2020年,4.55,"https://image-public.guazistatic.com/qnbdp7206x43b35088b56b4ec596ec3036f43a2dc81772693116.jpg?x-bce-process=image/quality,q_88/resize,m_fill,w_330,h_220",https://www.guazi.com/car-detail/c163612352143655.html,广州,0,0,,1,0,0
2650,2026-03-11 06:54:07,雪佛兰 科鲁兹 ,雪佛兰 科鲁兹 2018款 Redline 330T 双离合领锋版,4.41,4.41,2019年,2.07,"https://image-public.guazistatic.com/qnbdp7206x3d53377945044bf1b39d7090cbecc0f51772090793.jpg?x-bce-process=image/quality,q_88/resize,m_fill,w_330,h_220",https://www.guazi.com/car-detail/c163087287192739.html,广州,0,0,,0,0,0
2759,2026-03-11 06:54:07,捷达VA3 ,捷达VA3 2019款 1.5L 手动悦享版,4.15,4.15,2021年,2.38,"https://image-public.guazistatic.com/qnbdp7206x3bd689a1acbf426d8088d4cffaf68be21772558497.jpg?x-bce-process=image/quality,q_88/resize,m_fill,w_330,h_220",https://www.guazi.com/car-detail/c163393746317697.html,广州,0,0,,0,0,0
2837,2026-03-11 06:54:07,三菱 劲炫ASX ,三菱 劲炫ASX 2018款 2.0L CVT两驱尊享版,4.62,4.62,2019年,6.84,"https://image-public.guazistatic.com/qnbdp7206xd9408cd1ef674ab594a5c8fac84f8b111766975822.jpg?x-bce-process=image/quality,q_88/resize,m_fill,w_330,h_220",https://www.guazi.com/car-detail/c161198623105101.html,晋城,0,0,,0,0,0
2930,2026-03-11 06:59:47,奇瑞 小蚂蚁 ,奇瑞 小蚂蚁 2023款 251km 真爱版 磷酸铁锂,3.82,3.82,2024年,1.63,"https://image-public.guazistatic.com/qnbdp7964x2b59ba108028482489f3ae3d4f8d422d1772598507.jpg?x-bce-process=image/quality,q_88/resize,m_fill,w_330,h_220",https://www.guazi.com/car-detail/c163633398257196.html,芜湖,0,0,,0,0,0
2972,2026-03-11 06:54:07,奇瑞 小蚂蚁 ,奇瑞 小蚂蚁 2022款 改款 甜粉款 半糖版 三元锂 30.6kWh 30kW 301km,3.09,3.09,2022年,5.87,"https://image-public.guazistatic.com/qnbdp7206x84321fb8e7a4418d8784f939a55e217a1772504436.jpg?x-bce-process=image/quality,q_88/resize,m_fill,w_330,h_220",https://www.guazi.com/car-detail/c163143983326744.html,绵阳,0,0,,0,0,0
2988,2026-03-11 06:54:07,哪吒汽车 哪吒AYA ,哪吒汽车 哪吒AYA 2023款 401 Lite,4.64,4.64,2024年,2.6,"https://image-public.guazistatic.com/qnbdp7206xa1bdcf3f8026481cb747df50a0adbc0b1769562504.jpg?x-bce-process=image/quality,q_88/resize,m_fill,w_330,h_220",https://www.guazi.com/car-detail/c162402566138361.html,襄阳,0,0,,0,0,0
3256,2026-03-11 06:59:52,吉利银河 ,吉利银河 2024款 熊猫mini 200km 耐力熊,3.24,3.24,2025年,0.0,"https://image-public.guazistatic.com/qnbdp7964x88cd69b332554df6b40fc9ef54339b261766210488.jpg?x-bce-process=image/quality,q_88/resize,m_fill,w_330,h_220",https://www.guazi.com/car-detail/c160867275257289.html,济宁,0,0,,0,0,0
3267,2026-03-11 06:59:47,五菱汽车 宏光MINIEV ,五菱汽车 宏光MINIEV 2024款 第三代 215km 青春版,3.08,3.08,2024年,0.75,"https://image-public.guazistatic.com/qnbdp7206xec30399867cb40659d3b4d4fa04ecfd31768720630.jpg?x-bce-process=image/quality,q_88/resize,m_fill,w_330,h_220",https://www.guazi.com/car-detail/c162002011493386.html,恩施,0,0,,0,0,0
3294,2026-03-11 06:59:47,奇瑞新能源 小蚂蚁 ,奇瑞新能源 小蚂蚁 2022款 甜粉款 全糖版 三元锂 30kW 301km,3.18,3.18,2022年,6.77,"https://image-public.guazistatic.com/qnbdp7206xb00124d800144bf0bd33c492b6feb8171757493600.jpg?x-bce-process=image/quality,q_88/resize,m_fill,w_330,h_220",https://www.guazi.com/car-detail/c157007610284453.html,合肥,0,0,,0,0,0
3312,2026-03-11 06:59:41,五菱汽车 宏光MINIEV ,五菱汽车 宏光MINIEV 2024款 第三代 215km 青春版,3.16,3.16,2025年,0.18,"https://image-public.guazistatic.com/qnbdp7206x6bb5e88f45a94b9ca54bbadff18cae4c1770614314.jpg?x-bce-process=image/quality,q_88/resize,m_fill,w_330,h_220",https://www.guazi.com/car-detail/c162867512333001.html,郑州,0,0,,0,0,0
3317,2026-03-11 06:59:52,吉利银河 熊猫 ,吉利银河 熊猫 2025款 210km 元气熊,3.62,3.62,2025年,0.0,"https://image-public.guazistatic.com/qnbdp7206x7d7ba4ccc1874208a7e71867bab39d961772420001.jpg?x-bce-process=image/quality,q_88/resize,m_fill,w_330,h_220",https://www.guazi.com/car-detail/c163516946258944.html,连云港,0,0,,0,0,0
3331,2026-03-11 06:59:47,长安启源 长安Lumin ,长安启源 长安Lumin 2023款 205km 香沁款,3.96,3.96,2025年,0.59,"https://image-public.guazistatic.com/qnbdp7206xa870131b411c4906b0aeba59a608e3321768292168.jpg?x-bce-process=image/quality,q_88/resize,m_fill,w_330,h_220",https://www.guazi.com/car-detail/c161800751257285.html,台州,0,0,,0,0,0
3402,2026-03-11 06:59:41,东风风神E70 ,东风风神E70 2023款 500 智行版 磷酸铁锂 48.6kWh 120kW,4.57,4.57,2023年,14.36,"https://image-public.guazistatic.com/qnbdp7206x30e95081827d4b09a16d1810efb3879e1770083875.jpg?x-bce-process=image/quality,q_88/resize,m_fill,w_330,h_220",https://www.guazi.com/car-detail/c162611187233243.html,武汉,0,0,,0,0,0
3490,2026-03-11 06:59:47,奇瑞 小蚂蚁 ,奇瑞 小蚂蚁 2021款 改款 15万蚁粉款 新蚁酷版 磷酸铁锂,3.1,3.1,2021年,2.71,"https://image-public.guazistatic.com/qnbdp7964x4a8ba62621334cd59f10735b6d409f0b1772078850.jpg?x-bce-process=image/quality,q_88/resize,m_fill,w_330,h_220",https://www.guazi.com/car-detail/c163295564262231.html,襄阳,0,0,,0,0,0
3564,2026-03-11 06:59:52,五菱汽车 宏光MINIEV ,五菱汽车 宏光MINIEV 2024款 第三代 215km 青春版,3.5,3.5,2025年,0.0,"https://image-public.guazistatic.com/qnbdp7964xdc762e985fa4498b96b4de7876db3e681770091456.jpg?x-bce-process=image/quality,q_88/resize,m_fill,w_330,h_220",https://www.guazi.com/car-detail/c162577469259322.html,济宁,0,0,,0,0,0
3608,2026-03-11 06:54:07,五菱汽车 宏光MINIEV ,五菱汽车 宏光MINIEV 2024款 第三代 215km 青春版,3.48,3.48,2025年,0.0,"https://image-public.guazistatic.com/qnbdp7964x188f47f7fd494742afdb14599c06341b1767950874.jpg?x-bce-process=image/quality,q_88/resize,m_fill,w_330,h_220",https://www.guazi.com/car-detail/c161601842555734.html,德州,0,0,,0,0,0
3628,2026-03-11 06:59:47,宝骏KiWi EV ,宝骏KiWi EV 2022款 设计师轻享版 三元锂,3.69,3.69,2022年,1.11,"https://image-public.guazistatic.com/qnbdp7206xae5c1c9c5ab949c1957175b632e7a51a1769591737.jpg?x-bce-process=image/quality,q_88/resize,m_fill,w_330,h_220",https://www.guazi.com/car-detail/c162409479194902.html,淄博,0,0,,0,0,0
3672,2026-03-11 06:59:41,北京现代ix35 ,北京现代ix35 2021款 240TGDi DCT两驱GLS领先版,6.52,6.52,2021年,8.78,"https://image-public.guazistatic.com/qnbdp7206xf6a387cb9efc4136bdb555492a822e741767591196.jpg?x-bce-process=image/quality,q_88/resize,m_fill,w_330,h_220",https://www.guazi.com/car-detail/c160960287308317.html,上海,0,0,,0,0,0
3702,2026-03-11 06:59:47,起亚 奕跑 ,起亚 奕跑 2021款 1.4L CVT趣享天窗款,6.08,6.08,2023年,1.26,"https://image-public.guazistatic.com/qnbdp7206x9027950593b1486db300b1f4a18591851763719014.jpg?x-bce-process=image/quality,q_88/resize,m_fill,w_330,h_220",https://www.guazi.com/car-detail/c159798906225852.html,广州,0,0,,0,0,0
3846,2026-03-11 06:59:47,本田 缤智 ,本田 缤智 2020款 1.5L CVT先锋版,7.08,7.08,2022年,7.85,"https://image-public.guazistatic.com/qnbdp7206x6f8102ad9ed84194be13516febc714d61767919836.jpg?x-bce-process=image/quality,q_88/resize,m_fill,w_330,h_220",https://www.guazi.com/car-detail/c161604646265743.html,苏州,0,0,,0,0,0
3884,2026-03-11 06:59:52,MINI ,MINI 2016款 1.5T COOPER,5.58,5.58,2017年,12.05,"https://image-public.guazistatic.com/qnbdp7206x9c4d614329914af6acd25cf39690b8c41767792650.jpg?x-bce-process=image/quality,q_88/resize,m_fill,w_330,h_220",https://www.guazi.com/car-detail/c160538481286729.html,广州,0,0,,0,0,0
3893,2026-03-11 06:54:07,大众 途岳 ,大众 途岳 2021款 280TSI 两驱舒适版,8.81,8.81,2021年,5.82,"https://image-public.guazistatic.com/qnbdp125xdba8572d29a743c89f2aa3d9b6f720d71769308422.jpg?x-bce-process=image/quality,q_88/resize,m_fill,w_330,h_220",https://www.guazi.com/car-detail/c162157122120528.html,武汉,0,0,,0,0,0
3962,2026-03-11 06:59:41,长安CS55PLUS ,长安CS55PLUS 2022款 第二代 1.5T DCT豪华型,6.06,6.06,2023年,3.41,"https://image-public.guazistatic.com/qnbdp7206x420db1db945e45e181d50733bdfcebd41772123955.jpg?x-bce-process=image/quality,q_88/resize,m_fill,w_330,h_220",https://www.guazi.com/car-detail/c163024009209268.html,广州,0,0,,0,0,0
4055,2026-03-11 06:54:07,大众 途岳 ,大众 途岳 2021款 280TSI 两驱舒适版,8.58,8.58,2021年,7.42,"https://image-public.guazistatic.com/qnbdp7206xe4314a2ee318469b8d25a564126c55991772492223.jpg?x-bce-process=image/quality,q_88/resize,m_fill,w_330,h_220",https://www.guazi.com/car-detail/c163501809230266.html,昆明,0,0,,0,0,0
4092,2026-03-11 06:54:07,BAW北汽制造 锐胜王牌M7 ,BAW北汽制造 锐胜王牌M7 2023款 2.0L 长轴行政版 9座,5.79,5.79,2023年,4.36,"https://image-public.guazistatic.com/qnbdp7206xe1c5614b13bc44e9a92e3e5431e4805a1767064374.jpg?x-bce-process=image/quality,q_88/resize,m_fill,w_330,h_220",https://www.guazi.com/car-detail/c161235071144349.html,广州,0,0,,0,0,0
4104,2026-03-11 06:59:52,现代 名图 ,现代 名图 2017款 1.8L 自动智能型GLS 国V,5.29,5.29,2020年,7.13,"https://image-public.guazistatic.com/qnbdp7206xe3325ea9116349a59cb6e1bac13e63171766046621.jpg?x-bce-process=image/quality,q_88/resize,m_fill,w_330,h_220",https://www.guazi.com/car-detail/c159071013131324.html,大连,0,0,,0,0,0
4134,2026-03-11 06:54:07,奥迪Q5 ,奥迪Q5 2017款 Plus 40 TFSI 技术型,7.53,7.53,2018年,16.65,"https://image-public.guazistatic.com/qnbdp7206x1f39d893bbe74393a60e127eae44bb721764293321.jpg?x-bce-process=image/quality,q_88/resize,m_fill,w_330,h_220",https://www.guazi.com/car-detail/c160001363299681.html,广州,0,0,,0,0,0
4162,2026-03-11 06:59:47,奔驰E级(进口) ,奔驰E级(进口) 2016款 E 200 轿跑车 灵动版,8.13,8.13,2017年,8.64,"https://image-public.guazistatic.com/qnbdp7206xf85da57f884c45d5905532e036625cdf1772269053.jpg?x-bce-process=image/quality,q_88/resize,m_fill,w_330,h_220",https://www.guazi.com/car-detail/c163323567457810.html,广州,0,0,,0,0,0
4266,2026-03-11 06:54:07,别克 昂科威 ,别克 昂科威 2020款 28T 四驱精英型,8.76,8.76,2021年,4.14,"https://image-public.guazistatic.com/qnbdp7206x00a5e95326794ad1a2f7ff220e44af071743055604.jpg?x-bce-process=image/quality,q_88/resize,m_fill,w_330,h_220",https://www.guazi.com/car-detail/c149126949143537.html,曲靖,0,0,,0,0,0
4404,2026-03-11 06:54:07,丰田 卡罗拉 ,丰田 卡罗拉 2021款 TNGA 1.5L CVT精英版,6.72,6.72,2021年,3.76,"https://image-public.guazistatic.com/qnbdp7206x50a512dc7bc7458885e65d585b7732761769505910.jpg?x-bce-process=image/quality,q_88/resize,m_fill,w_330,h_220",https://www.guazi.com/car-detail/c162367069900845.html,西安,0,0,,0,0,0
4457,2026-03-11 06:59:47,比亚迪 汉 ,比亚迪 汉 2020款 EV 四驱高性能版旗舰型,9.12,9.12,2021年,2.06,"https://image-public.guazistatic.com/qnbdp7206xe2557678ceaf444b8d37cf3fa7cea4ac1772703798.jpg?x-bce-process=image/quality,q_88/resize,m_fill,w_330,h_220",https://www.guazi.com/car-detail/c163708090270994.html,广州,0,0,,0,0,0
4553,2026-03-11 06:59:41,比亚迪 秦PLUS ,比亚迪 秦PLUS 2025款 EV 智驾版 510KM进取型,8.73,8.73,2025年,0.56,"https://image-public.guazistatic.com/qnbdp7206x6754f4eb0b4549a3bc2352a9941155b31769311651.jpg?x-bce-process=image/quality,q_88/resize,m_fill,w_330,h_220",https://www.guazi.com/car-detail/c162080517134689.html,常州,0,0,,0,0,0
4562,2026-03-11 06:54:07,大众ID.3 ,大众ID.3 2024款 出众版,8.02,8.02,2024年,2.4,"https://image-public.guazistatic.com/qnbdp125x2daaefa660cb401389ed8a93751cf3711770970233.jpg?x-bce-process=image/quality,q_88/resize,m_fill,w_330,h_220",https://www.guazi.com/car-detail/c162980798114530.html,广州,0,0,,0,0,0
4641,2026-03-11 06:59:41,比亚迪 海豚 ,比亚迪 海豚 2021款 405km 时尚版,5.45,5.45,2023年,7.48,"https://image-public.guazistatic.com/qnbdp7206xc4de4b1cbe3c4c99aae6cbdc41607b4e1771987226.jpg?x-bce-process=image/quality,q_88/resize,m_fill,w_330,h_220",https://www.guazi.com/car-detail/c163234937326144.html,镇江,0,0,,0,0,0
4652,2026-03-11 06:54:07,大众 ID.4 CROZZ ,大众 ID.4 CROZZ 2022款 纯享限量版,7.44,7.44,2022年,10.0,"https://image-public.guazistatic.com/qnbdp7964x23a677577850486fbcefd2843818131d1772428126.jpg?x-bce-process=image/quality,q_88/resize,m_fill,w_330,h_220",https://www.guazi.com/car-detail/c163513300220640.html,广州,0,0,,0,0,0
4711,2026-03-11 06:59:47,欧拉好猫 ,欧拉好猫 2021款 400km标准续航 雅典娜版 磷酸铁锂,5.01,5.01,2021年,6.72,"https://image-public.guazistatic.com/qnbdp7206xcc4d18b321464ba59817a3ef9f1fa4fc1772126204.jpg?x-bce-process=image/quality,q_88/resize,m_fill,w_330,h_220",https://www.guazi.com/car-detail/c163000544728290.html,广州,0,0,,0,0,0
4725,2026-03-11 06:54:07,比亚迪 秦PLUS ,比亚迪 秦PLUS 2021款 EV 400KM 领畅版,8.08,8.08,2026年,0.0,"https://image-public.guazistatic.com/qnbdp7964xf8bd247ed4ac420a8197db74ad07e0a91768352663.jpg?x-bce-process=image/quality,q_88/resize,m_fill,w_330,h_220",https://www.guazi.com/car-detail/c161808500189271.html,重庆,0,0,,0,0,0
4830,2026-03-11 06:59:47,埃安 AION S ,埃安 AION S 2023款 魅 580 磷酸铁锂,7.27,7.27,2024年,6.18,"https://image-public.guazistatic.com/qnbdp7206x70a8bfb4237a4f99a55e947f17e219b21762250167.jpg?x-bce-process=image/quality,q_88/resize,m_fill,w_330,h_220",https://www.guazi.com/car-detail/c159114287139453.html,潍坊,0,0,,0,0,0
4835,2026-03-11 06:59:41,欧拉好猫 ,欧拉好猫 2022款 莫兰迪版 400km标准续航 尊贵型 磷酸铁锂,6.04,6.04,2022年,3.57,"https://image-public.guazistatic.com/qnbdp7206xfb30abea079f40ea93bd6be027b2e3f01766275659.jpg?x-bce-process=image/quality,q_88/resize,m_fill,w_330,h_220",https://www.guazi.com/car-detail/c160870864647523.html,绍兴,0,0,,0,0,0
4894,2026-03-11 06:59:47,小鹏P7 ,小鹏P7 2021款 480N,8.11,8.11,2021年,13.21,"https://image-public.guazistatic.com/qnbdp7206xac180a1f86d2428397499d410282c6241766820761.jpg?x-bce-process=image/quality,q_88/resize,m_fill,w_330,h_220",https://www.guazi.com/car-detail/c160850257184182.html,无锡,0,0,,0,0,0
5004,2026-03-11 06:59:47,宝骏云海 ,宝骏云海 2026款 500km 纯电标准版,8.47,8.47,2025年,0.49,"https://image-public.guazistatic.com/qnbdp7206x215b623b3cfb48618f46e14aeec1311b1768872191.jpg?x-bce-process=image/quality,q_88/resize,m_fill,w_330,h_220",https://www.guazi.com/car-detail/c162053036290085.html,重庆,0,0,,0,0,0
5022,2026-03-11 06:59:41,比亚迪e2 ,比亚迪e2 2023款 豪华型,5.99,5.99,2024年,4.18,"https://image-public.guazistatic.com/qnbdp125xa39ef2bf44004066b4ec4f8ffa13ac801769495517.jpg?x-bce-process=image/quality,q_88/resize,m_fill,w_330,h_220",https://www.guazi.com/car-detail/c162283940135648.html,广州,0,0,,0,0,0
5104,2026-03-11 06:59:41,大众ID.3 ,大众ID.3 2023款 升级款 纯净智享版,7.46,7.46,2023年,7.87,"https://image-public.guazistatic.com/qnbdp7206x62c5afa29d444edbb2793c598add34411770857422.jpg?x-bce-process=image/quality,q_88/resize,m_fill,w_330,h_220",https://www.guazi.com/car-detail/c162951722131386.html,枣庄,0,0,,0,0,0
5359,2026-03-11 06:59:52,比亚迪 宋PLUS新能源 ,比亚迪 宋PLUS新能源 2021款 DM-i 51KM 尊荣型,7.4,7.4,2023年,4.2,"https://image-public.guazistatic.com/qnbdp7206x67328630c87d4c73bb8b15d5ff2ed0601772500273.jpg?x-bce-process=image/quality,q_88/resize,m_fill,w_330,h_220",https://www.guazi.com/car-detail/c159713272176929.html,合肥,0,0,,0,0,0
5391,2026-03-11 06:59:52,五菱汽车 五菱星光 ,五菱汽车 五菱星光 2023款 150 进阶版,6.05,6.05,2024年,6.89,"https://image-public.guazistatic.com/qnbdp7206x814089e22cbc4a9d9c59bf3301c08b3a1770452831.jpg?x-bce-process=image/quality,q_88/resize,m_fill,w_330,h_220",https://www.guazi.com/car-detail/c162800498307218.html,广州,0,0,,0,0,0
5418,2026-03-11 06:59:47,比亚迪 海豹 ,比亚迪 海豹 2024款 荣耀版 DM-i 1.5L 121km 尊贵型,9.24,9.24,2024年,2.42,"https://image-public.guazistatic.com/qnbdp125x0e70f661afe44e66a3004bcb18a00fda1769328953.jpg?x-bce-process=image/quality,q_88/resize,m_fill,w_330,h_220",https://www.guazi.com/car-detail/c162274950255477.html,苏州,0,0,,0,0,0
5438,2026-03-11 06:59:52,五菱汽车 五菱星光S ,五菱汽车 五菱星光S 2024款 130km 领航型,7.2,7.2,2024年,1.05,"https://image-public.guazistatic.com/qnbdp7206x6d3cf8b367834b379bb84abe1e20a7401769753443.jpg?x-bce-process=image/quality,q_88/resize,m_fill,w_330,h_220",https://www.guazi.com/car-detail/c162487549123995.html,广州,0,0,,0,0,0
5454,2026-03-11 06:54:07,奇瑞 瑞虎7 C-DM ,奇瑞 瑞虎7 C-DM 2025款 1.5T 120KM御,8.23,8.23,2025年,1.49,"https://image-public.guazistatic.com/qnbdp7206x890a3ced61e2403ab736a11bd60f2e0b1767927050.jpg?x-bce-process=image/quality,q_88/resize,m_fill,w_330,h_220",https://www.guazi.com/car-detail/c161624576313607.html,黄冈,0,0,,0,0,0
5472,2026-03-11 06:59:52,比亚迪 秦L ,比亚迪 秦L 2024款 DM-i 120KM领先型,7.86,7.86,2024年,0.61,"https://image-public.guazistatic.com/qnbdp7206x1d661d4d4087495881b7cd51315fc2221766649226.jpg?x-bce-process=image/quality,q_88/resize,m_fill,w_330,h_220",https://www.guazi.com/car-detail/c161064482250852.html,苏州,0,0,,0,0,0
5503,2026-03-11 06:59:41,比亚迪 秦L ,比亚迪 秦L 2024款 DM-i 120KM卓越型,9.67,9.67,2025年,0.0,"https://image-public.guazistatic.com/qnbdp7206xc136e37d8e8f46c8ba4c85cebb08eadf1769609904.jpg?x-bce-process=image/quality,q_88/resize,m_fill,w_330,h_220",https://www.guazi.com/car-detail/c162390432204157.html,石家庄,0,0,,0,0,0
5640,2026-03-11 06:59:47,比亚迪 宋Pro新能源 ,比亚迪 宋Pro新能源 2025款 第二代 智驾版 DM-i 75KM领先型,8.12,8.12,2025年,0.36,"https://image-public.guazistatic.com/qnbdp7964x60e4ea0a8e4545bc98418ea52552e2811772516421.jpg?x-bce-process=image/quality,q_88/resize,m_fill,w_330,h_220",https://www.guazi.com/car-detail/c163578132314950.html,徐州,0,0,,0,0,0
5657,2026-03-11 06:59:52,吉利汽车 嘉际新能源 ,吉利汽车 嘉际新能源 2021款 ePro 1.5TD PHEV 悠享型,5.33,5.33,2021年,7.47,"https://image-public.guazistatic.com/qnbdp7206x3aa3c564f54c4059afa2ef315d9361d31772339967.jpg?x-bce-process=image/quality,q_88/resize,m_fill,w_330,h_220",https://www.guazi.com/car-detail/c163247259139369.html,广州,0,0,,0,0,0
5727,2026-03-11 06:59:47,比亚迪 海豹06新能源 ,比亚迪 海豹06新能源 2024款 DM-i 120KM旗舰型,8.82,8.82,2024年,2.9,"https://image-public.guazistatic.com/qnbdp7206x483097d196464dc29fca68add96840361771922801.jpg?x-bce-process=image/quality,q_88/resize,m_fill,w_330,h_220",https://www.guazi.com/car-detail/c163132209274955.html,重庆,0,0,,0,0,0
5785,2026-03-11 06:59:47,吉利银河 银河A7 ,吉利银河 银河A7 2025款 EM-i 70km 豪享版,7.74,7.74,2025年,1.38,"https://image-public.guazistatic.com/qnbdp7206xe8703fbe9bf648079d87069e9e682fd81772565157.jpg?x-bce-process=image/quality,q_88/resize,m_fill,w_330,h_220",https://www.guazi.com/car-detail/c163535017889663.html,昆明,0,0,,0,0,0
5896,2026-03-11 06:59:52,比亚迪 宋PLUS新能源 ,比亚迪 宋PLUS新能源 2025款 DM-i 112KM 尊贵型,8.61,8.61,2024年,6.0,"https://image-public.guazistatic.com/qnbdp7206x7aab5912889d4a7fbadd2b0a796a8b7d1766725713.jpg?x-bce-process=image/quality,q_88/resize,m_fill,w_330,h_220",https://www.guazi.com/car-detail/c161096108276366.html,天津,0,0,,0,0,0
5951,2026-03-11 06:59:41,荣威RX5 eMAX ,荣威RX5 eMAX 2022款 1.5T PHEV无畏尊享版,7.3,7.3,2022年,3.06,"https://image-public.guazistatic.com/qnbdp7206x2cd59f29aec446efa67bd9dd490cc1001767491429.jpg?x-bce-process=image/quality,q_88/resize,m_fill,w_330,h_220",https://www.guazi.com/car-detail/c161377615265371.html,上海,0,0,,0,0,0
5955,2026-03-11 06:59:47,比亚迪 宋Pro新能源 ,比亚迪 宋Pro新能源 2025款 第二代 智驾版 DM-i 75KM领先型,8.83,8.83,2025年,0.0,"https://image-public.guazistatic.com/qnbdp7206x941b61a9adf2429f876760b011a38de31765013070.jpg?x-bce-process=image/quality,q_88/resize,m_fill,w_330,h_220",https://www.guazi.com/car-detail/c160221864231132.html,邢台,0,0,,0,0,0
6029,2026-03-11 06:54:07,比亚迪 驱逐舰05 ,比亚迪 驱逐舰05 2023款 冠军版 DM-i 120KM 尊贵型,6.22,6.22,2023年,1.75,"https://image-public.guazistatic.com/qnbdp7206x8d0aa9c416944ce5ada4edbb3559783c1772439211.jpg?x-bce-process=image/quality,q_88/resize,m_fill,w_330,h_220",https://www.guazi.com/car-detail/c163539122329758.html,广州,0,0,,0,0,0
6155,2026-03-11 06:59:52,丰田 卡罗拉 ,丰田 卡罗拉 2018款 双擎 1.8L E-CVT智尚版,5.33,5.33,2018年,8.58,"https://image-public.guazistatic.com/qnbdp7206x1c349f30e67f4928becaa3158ab704951770274002.jpg?x-bce-process=image/quality,q_88/resize,m_fill,w_330,h_220",https://www.guazi.com/car-detail/c162738161120763.html,广州,0,0,,0,0,0
6156,2026-03-11 06:59:41,比亚迪 秦L ,比亚迪 秦L 2024款 DM-i 120KM卓越型,8.67,8.67,2025年,0.86,"https://image-public.guazistatic.com/qnbdp7206x6c56d1e033f14f55931085dd4b99a16f1770301899.jpg?x-bce-process=image/quality,q_88/resize,m_fill,w_330,h_220",https://www.guazi.com/car-detail/c162316760846548.html,广州,0,0,,0,0,0
6253,2026-03-11 06:59:41,长安欧尚 欧尚Z6新能源 ,长安欧尚 欧尚Z6新能源 2023款 智电iDD 150KM旗舰PLUS智慧泊车版,8.64,8.64,2024年,3.06,"https://image-public.guazistatic.com/qnbdp7206x4870fb2675ff46bb920f3c9d911258af1766625702.jpg?x-bce-process=image/quality,q_88/resize,m_fill,w_330,h_220",https://www.guazi.com/car-detail/c161045478334260.html,恩施,0,0,,0,0,0
6326,2026-03-11 06:59:52,比亚迪 秦PLUS ,比亚迪 秦PLUS 2025款 DM-i 智驾版 120KM超越型,7.56,7.56,2025年,0.16,"https://image-public.guazistatic.com/qnbdp7206x244fea95314645ec8888f30fd118876e1770786325.jpg?x-bce-process=image/quality,q_88/resize,m_fill,w_330,h_220",https://www.guazi.com/car-detail/c162932110296521.html,东营,0,0,,0,0,0
6337,2026-03-11 06:54:07,捷途山海L9 ,捷途山海L9 2024款 1.5TD 2DHT Max 7座,9.67,9.67,2024年,1.91,"https://image-public.guazistatic.com/qnbdp7964xb6db53c560bc4ccd930aa6fab1e1ec991764216983.jpg?x-bce-process=image/quality,q_88/resize,m_fill,w_330,h_220",https://www.guazi.com/car-detail/c160005057295774.html,成都,0,0,,0,0,0
6353,2026-03-11 06:59:47,比亚迪 宋PLUS新能源 ,比亚迪 宋PLUS新能源 2021款 DM-i 51KM 尊荣型,6.94,6.94,2022年,3.06,"https://image-public.guazistatic.com/qnbdp7206x40582d7a4811493c899d95cc8fec181a1772438115.jpg?x-bce-process=image/quality,q_88/resize,m_fill,w_330,h_220",https://www.guazi.com/car-detail/c163421987753404.html,济宁,0,0,,0,0,0
6409,2026-03-11 06:59:52,丰田 凯美瑞 ,丰田 凯美瑞 2018款 双擎 2.5HG 豪华版,8.23,8.23,2018年,18.23,"https://image-public.guazistatic.com/qnbdp7206x5b33d201ad914e589a602b2799bc4d9e1772706889.jpg?x-bce-process=image/quality,q_88/resize,m_fill,w_330,h_220",https://www.guazi.com/car-detail/c163653870188055.html,广州,0,0,,0,0,0
6417,2026-03-11 06:59:52,比亚迪 宋Pro新能源 ,比亚迪 宋Pro新能源 2025款 第二代 智驾版 DM-i 115KM卓越型,9.58,9.58,2025年,0.26,"https://image-public.guazistatic.com/qnbdp7206xbeac6423460146a9b9ae56486d64acc71769507889.jpg?x-bce-process=image/quality,q_88/resize,m_fill,w_330,h_220",https://www.guazi.com/car-detail/c162324885132776.html,临沂,0,0,,0,0,0
6453,2026-03-11 06:59:47,比亚迪 秦L ,比亚迪 秦L 2025款 DM-i 智驾版 120KM超越型,8.98,8.98,2025年,0.33,"https://image-public.guazistatic.com/qnbdp7206x8878702976c24e2b8b07e3c9cab757b51769567952.jpg?x-bce-process=image/quality,q_88/resize,m_fill,w_330,h_220",https://www.guazi.com/car-detail/c162387020177953.html,武汉,0,0,,0,0,0
6549,2026-03-11 06:59:41,五菱汽车 五菱星辰 ,五菱汽车 五菱星辰 2022款 2.0L DHT电速款,5.47,5.47,2022年,4.15,"https://image-public.guazistatic.com/qnbdp7206xe24580dfabc74e7bb39f2a6d8cad63f71763192196.jpg?x-bce-process=image/quality,q_88/resize,m_fill,w_330,h_220",https://www.guazi.com/car-detail/c159534828334532.html,广州,0,0,,0,0,0
6560,2026-03-11 06:59:52,长安UNI-K 智电iDD ,长安UNI-K 智电iDD 2023款 智电iDD 1.5T 135km智趣型,8.77,8.77,2023年,7.29,"https://image-public.guazistatic.com/qnbdp7206x91b3b3b8115743e19f85b719ef573dd81772698052.jpg?x-bce-process=image/quality,q_88/resize,m_fill,w_330,h_220",https://www.guazi.com/car-detail/c163570048271581.html,广州,0,0,,0,0,0
6575,2026-03-11 06:59:47,丰田 卡罗拉 ,丰田 卡罗拉 2023款 1.8L 智能电混双擎 先锋版,7.67,7.67,2023年,3.2,"https://image-public.guazistatic.com/qnbdp7206x323ba3432c5a46d189f4043c7c746bd01769743201.jpg?x-bce-process=image/quality,q_88/resize,m_fill,w_330,h_220",https://www.guazi.com/car-detail/c162490265340781.html,成都,0,0,,0,0,0
6635,2026-03-11 06:59:41,比亚迪 宋Pro新能源 ,比亚迪 宋Pro新能源 2022款 DM-i 51km 尊荣型,6.58,6.58,2023年,7.77,"https://image-public.guazistatic.com/qnbdp7206x62e221d3709c44238b971cd44c66073a1769222972.jpg?x-bce-process=image/quality,q_88/resize,m_fill,w_330,h_220",https://www.guazi.com/car-detail/c162222492291991.html,苏州,0,0,,0,0,0
6641,2026-03-11 06:59:52,大众 帕萨特新能源 ,大众 帕萨特新能源 2020款 430PHEV 混动豪华版 国VI,9.92,9.92,2021年,7.36,"https://image-public.guazistatic.com/qnbdp7964xba33e82dd0724fcba06e586994e1bb651770800786.jpg?x-bce-process=image/quality,q_88/resize,m_fill,w_330,h_220",https://www.guazi.com/car-detail/c162939229151679.html,新乡,0,0,,0,0,0
6643,2026-03-11 06:59:52,荣威D7 ,荣威D7 2025款 DMH 125km 世界冠军旗舰版,8.37,8.37,2026年,0.0,"https://image-public.guazistatic.com/qnbdp125x2f654125e3ef4bfaa6394ee03ba164201769162480.jpg?x-bce-process=image/quality,q_88/resize,m_fill,w_330,h_220",https://www.guazi.com/car-detail/c162221202120792.html,上海,0,0,,0,0,0
6664,2026-03-11 06:59:52,丰田 雷凌 ,丰田 雷凌 2022款 双擎 1.8H E-CVT领先版,6.81,6.81,2022年,8.92,"https://image-public.guazistatic.com/qnbdp7206x4f60e72e78254af5a8c78507287b1df11772426537.jpg?x-bce-process=image/quality,q_88/resize,m_fill,w_330,h_220",https://www.guazi.com/car-detail/c163219578236937.html,广州,0,0,,0,0,0
6704,2026-03-11 06:59:41,比亚迪 宋Pro新能源 ,比亚迪 宋Pro新能源 2026款 DM-i 133KM超越型,9.65,9.65,2025年,0.0,"https://image-public.guazistatic.com/qnbdp7206x29f99ca6ad88469687ea6620a733e8ff1769571707.jpg?x-bce-process=image/quality,q_88/resize,m_fill,w_330,h_220",https://www.guazi.com/car-detail/c161868630104545.html,石家庄,0,0,,0,0,0
6934,2026-03-11 06:54:07,本田 雅阁 ,本田 雅阁 2022款 锐·混动 2.0L 锐领版,12.61,12.61,2023年,2.6,"https://image-public.guazistatic.com/qnbdp7206x0acb3486f9ca479b9e86600a402c4bca1768288535.jpg?x-bce-process=image/quality,q_88/resize,m_fill,w_330,h_220",https://www.guazi.com/car-detail/c161768290326146.html,广州,0,0,,0,0,0
6954,2026-03-11 06:59:52,本田 艾力绅 ,本田 艾力绅 2019款 2.0L 混动豪华版,13.8,13.8,2020年,6.01,"https://image-public.guazistatic.com/qnbdp7206x912ae382ec524be593854970bcbfecd11768787295.jpg?x-bce-process=image/quality,q_88/resize,m_fill,w_330,h_220",https://www.guazi.com/car-detail/c161985721706553.html,广州,0,0,,0,0,0
6959,2026-03-11 06:59:41,比亚迪 唐新能源 ,比亚迪 唐新能源 2021款 DM-i 112KM 尊荣型,10.02,10.02,2023年,3.0,"https://image-public.guazistatic.com/qnbdp7206xb869aaad799e487c8163865a5874b1c21763536030.jpg?x-bce-process=image/quality,q_88/resize,m_fill,w_330,h_220",https://www.guazi.com/car-detail/c159674007180308.html,石家庄,0,0,,0,0,0
6985,2026-03-11 06:59:41,本田 皓影 ,本田 皓影 2020款 锐·混动 2.0L 两驱锐·尊贵版,10.88,10.88,2020年,14.57,"https://image-public.guazistatic.com/qnbdp7206x7cd8038b39b74055a5e59cc37714ba461772533025.jpg?x-bce-process=image/quality,q_88/resize,m_fill,w_330,h_220",https://www.guazi.com/car-detail/c163470919152952.html,广州,0,0,,0,0,0
7022,2026-03-11 06:59:47,本田 艾力绅 ,本田 艾力绅 2019款 2.0L 混动豪华版,14.02,14.02,2020年,15.67,"https://image-public.guazistatic.com/qnbdp7206x707b95c4b4454d1a877b6b225c5435c61772681730.jpg?x-bce-process=image/quality,q_88/resize,m_fill,w_330,h_220",https://www.guazi.com/car-detail/c163642554291647.html,滨州,0,0,,0,0,0
7156,2026-03-11 06:59:47,丰田 威兰达 ,丰田 威兰达 2020款 双擎 2.5L E-CVT四驱豪华版,11.43,11.43,2020年,8.79,"https://image-public.guazistatic.com/qnbdp7964x645d5b8e742c406eb90de8c0742137851768531587.jpg?x-bce-process=image/quality,q_88/resize,m_fill,w_330,h_220",https://www.guazi.com/car-detail/c161881617843287.html,广州,0,0,,0,0,0
7167,2026-03-11 06:59:41,丰田 凯美瑞 ,丰田 凯美瑞 2021款 双擎 2.5HS 锋尚版,11.34,11.34,2021年,11.06,"https://image-public.guazistatic.com/qnbdp7206xf9a0dc7841504c28888d22a5086396211770026759.jpg?x-bce-process=image/quality,q_88/resize,m_fill,w_330,h_220",https://www.guazi.com/car-detail/c162405901252091.html,广州,0,0,,0,0,0
7198,2026-03-11 06:54:07,比亚迪 宋PLUS新能源 ,比亚迪 宋PLUS新能源 2025款 DM-i 112KM 尊荣型,10.82,10.82,2025年,0.23,"https://image-public.guazistatic.com/qnbdp125x3f8a10451ffd405296ef700424d0d4c01768535345.jpg?x-bce-process=image/quality,q_88/resize,m_fill,w_330,h_220",https://www.guazi.com/car-detail/c161905793198918.html,潍坊,0,0,,0,0,0
7267,2026-03-11 06:59:52,大众 帕萨特新能源 ,大众 帕萨特新能源 2025款 430PHEV 混动商务版,13.19,13.19,2026年,0.0,"https://image-public.guazistatic.com/qnbdp7206xe02194c50174403f8a00e11bb06cd2841767936130.jpg?x-bce-process=image/quality,q_88/resize,m_fill,w_330,h_220",https://www.guazi.com/car-detail/c161626257301571.html,南京,0,0,,0,0,0
7272,2026-03-11 06:59:47,长安UNI-Z新能源 ,长安UNI-Z新能源 2025款 智慧新蓝鲸 125km 战舰+,11.07,11.07,2026年,0.0,"https://image-public.guazistatic.com/qnbdp7206x3c2d4444ddec4ff19f2b93a3170977c71768803359.jpg?x-bce-process=image/quality,q_88/resize,m_fill,w_330,h_220",https://www.guazi.com/car-detail/c162025104973989.html,广州,0,0,,0,0,0
7308,2026-03-11 06:59:47,吉利汽车 星越L智擎 ,吉利汽车 星越L智擎 2024款 1.5T 天宫版,10.61,10.61,2023年,3.2,"https://image-public.guazistatic.com/qnbdp7206xf985917a0bfe40ea97c407379067154e1770550271.jpg?x-bce-process=image/quality,q_88/resize,m_fill,w_330,h_220",https://www.guazi.com/car-detail/c162847531239822.html,广州,0,0,,0,0,0
7350,2026-03-11 06:59:47,奇瑞 瑞虎9 C-DM ,奇瑞 瑞虎9 C-DM 2025款 1.5T 106KM超享版 5座 三元锂,14.25,14.25,| 100公里,0.0,"https://image-public.guazistatic.com/qnbdp7206x8d7b1249fb284ee3a63be465536d03d51770536260.jpg?x-bce-process=image/quality,q_88/resize,m_fill,w_330,h_220",https://www.guazi.com/car-detail/c162850265131636.html,,0,0,,0,0,0
7391,2026-03-11 06:59:52,哈弗猛龙新能源 ,哈弗猛龙新能源 2023款 Hi4 102 探索版,12.66,12.66,2024年,1.97,"https://image-public.guazistatic.com/qnbdp7206x6fad6a7b0b644c4296644e0fa57a398c1772323502.jpg?x-bce-process=image/quality,q_88/resize,m_fill,w_330,h_220",https://www.guazi.com/car-detail/c163439274118831.html,广州,0,0,,0,0,0
7419,2026-03-11 06:59:52,本田CR-V ,本田CR-V 2019款 锐·混动 2.0L 两驱净驰版 国VI,10.95,10.95,2020年,8.64,"https://image-public.guazistatic.com/qnbdp7206xfa13b8a28a1343f08c4e68706eb6baf91768988609.jpg?x-bce-process=image/quality,q_88/resize,m_fill,w_330,h_220",https://www.guazi.com/car-detail/c161320797227420.html,广州,0,0,,0,0,0
7445,2026-03-11 06:59:52,雪佛兰 探界者Plus ,雪佛兰 探界者Plus 2024款 102km RS 至臻版,11.82,11.82,2026年,0.45,"https://image-public.guazistatic.com/qnbdp7206xd98e492cdd5247708f859433d46cd1ea1769317085.jpg?x-bce-process=image/quality,q_88/resize,m_fill,w_330,h_220",https://www.guazi.com/car-detail/c162283073239517.html,上海,0,0,,0,0,0
7479,2026-03-11 06:59:47,本田 雅阁 ,本田 雅阁 2018款 锐·混动 2.0L 锐智版 国VI,11.71,11.71,2020年,3.32,"https://image-public.guazistatic.com/qnbdp7206x9509cf7b063c45259ac42dffa3ceccf01772447474.jpg?x-bce-process=image/quality,q_88/resize,m_fill,w_330,h_220",https://www.guazi.com/car-detail/c163463293208621.html,潍坊,0,0,,0,0,0
7549,2026-03-11 06:59:52,哈弗枭龙MAX ,哈弗枭龙MAX 2023款 1.5L Hi4 105 四驱领航版,11.0,11.0,2025年,0.0,"https://image-public.guazistatic.com/qnbdp7206xebb266da0de74de69e05a7efbddf69f31771818316.jpg?x-bce-process=image/quality,q_88/resize,m_fill,w_330,h_220",https://www.guazi.com/car-detail/c163134177275380.html,阳泉,0,0,,0,0,0
7862,2026-03-11 06:59:52,创维汽车 创维HT-i ,创维汽车 创维HT-i 2024款 1.5L PHEV 115KM 泰道版,10.23,10.23,2025年,0.0,"https://image-public.guazistatic.com/qnbdp7206x1e7dc16f9b42455b984bc7b030e8606c1769255253.jpg?x-bce-process=image/quality,q_88/resize,m_fill,w_330,h_220",https://www.guazi.com/car-detail/c161542530248452.html,广州,0,0,,0,0,0
7972,2026-03-11 06:54:07,比亚迪 海狮07 DM-i ,比亚迪 海狮07 DM-i 2025款 150 领航+版,14.25,14.25,2025年,0.38,"https://image-public.guazistatic.com/qnbdp7964xfd3aad67d67d41be88fad1ccdd67a6731764816590.jpg?x-bce-process=image/quality,q_88/resize,m_fill,w_330,h_220",https://www.guazi.com/car-detail/c160221144197712.html,广州,0,0,,0,0,0
7973,2026-03-11 06:54:07,大众 帕萨特新能源 ,大众 帕萨特新能源 2025款 430PHEV 混动商务版,13.15,13.15,2025年,0.0,"https://image-public.guazistatic.com/qnbdp7206x5f482d5baa95460bbcf00fbf0d5aa8611766566971.jpg?x-bce-process=image/quality,q_88/resize,m_fill,w_330,h_220",https://www.guazi.com/car-detail/c161031427297946.html,郑州,0,0,,0,0,0
8050,2026-03-11 06:54:07,比亚迪 宋PLUS新能源 ,比亚迪 宋PLUS新能源 2025款 DM-i 智驾版 160KM 旗舰型,12.09,12.09,2025年,0.35,"https://image-public.guazistatic.com/qnbdp7206x0f9e53fcdc6a4e8cbdbea6e731f8105d1770184904.jpg?x-bce-process=image/quality,q_88/resize,m_fill,w_330,h_220",https://www.guazi.com/car-detail/c162175405717259.html,南通,0,0,,0,0,0
8096,2026-03-11 06:59:47,比亚迪 唐新能源 ,比亚迪 唐新能源 2023款 DM-i 冠军版 112KM 尊贵型,10.12,10.12,2023年,3.88,"https://image-public.guazistatic.com/qnbdp7206x3aba3cff8d7c496d860ba65003edd4c11772607806.jpg?x-bce-process=image/quality,q_88/resize,m_fill,w_330,h_220",https://www.guazi.com/car-detail/c163577186144232.html,广州,0,0,,0,0,0
8158,2026-03-11 06:59:47,比亚迪 宋L DM-i ,比亚迪 宋L DM-i 2025款 智驾版 160km 卓越型,12.69,12.69,2025年,0.17,"https://image-public.guazistatic.com/qnbdp7206xf37cd9c7141e4d30b3d9c6fbeabcb4801772076903.jpg?x-bce-process=image/quality,q_88/resize,m_fill,w_330,h_220",https://www.guazi.com/car-detail/c163231146172856.html,广州,0,0,,0,0,0
8204,2026-03-11 06:59:41,比亚迪 宋PLUS新能源 ,比亚迪 宋PLUS新能源 2025款 DM-i 智驾版 112KM 尊荣型,11.35,11.35,2025年,0.6,"https://image-public.guazistatic.com/qnbdp7964xbcece93f8c2944a59e9cdc43d3d3d7451765516866.jpg?x-bce-process=image/quality,q_88/resize,m_fill,w_330,h_220",https://www.guazi.com/car-detail/c160465133207443.html,保定,0,0,,0,0,0
8313,2026-03-11 06:59:41,领克07 ,领克07 2024款 EM-P 126长续航 Ultra,11.8,11.8,2024年,2.79,"https://image-public.guazistatic.com/qnbdp7206xa7acd79fcf934d18a31414c139fe1a731771922477.jpg?x-bce-process=image/quality,q_88/resize,m_fill,w_330,h_220",https://www.guazi.com/car-detail/c163200873260321.html,广州,0,0,,0,0,0
8383,2026-03-11 06:59:41,宝马X1新能源 ,宝马X1新能源 2019款 xDrive25Le 里程升级版,10.81,10.81,2020年,4.61,"https://image-public.guazistatic.com/qnbdp7964xe0e66bbc44204873912a4c70b0cf2cda1768889992.jpg?x-bce-process=image/quality,q_88/resize,m_fill,w_330,h_220",https://www.guazi.com/car-detail/c162070439231692.html,济宁,0,0,,0,0,0
8412,2026-03-11 06:54:07,奇瑞 风云T10 ,奇瑞 风云T10 2024款 210 奢享版,11.76,11.76,2024年,2.91,"https://image-public.guazistatic.com/qnbdp7964xfa420fca6c374021b8a3c374c64a5b631770266843.jpg?x-bce-process=image/quality,q_88/resize,m_fill,w_330,h_220",https://www.guazi.com/car-detail/c162729543994821.html,郑州,0,0,,0,0,0
8491,2026-03-11 06:59:41,蔚来ES8 ,蔚来ES8 2018款 创始版,10.84,10.84,2019年,9.54,"https://image-public.guazistatic.com/qnbdp7964xb7d9820762414b8aba6e8b4487add9251772526531.jpg?x-bce-process=image/quality,q_88/resize,m_fill,w_330,h_220",https://www.guazi.com/car-detail/c163306701832633.html,杭州,0,0,,0,0,0
8649,2026-03-11 06:59:52,蔚来ES8 ,蔚来ES8 2020款 415KM 七座版,11.43,11.43,2021年,5.52,"https://image-public.guazistatic.com/qnbdp125x99d68a22c29e4a0cb4f6c8e0ab3083781764672539.jpg?x-bce-process=image/quality,q_88/resize,m_fill,w_330,h_220",https://www.guazi.com/car-detail/c160196403311724.html,广州,0,0,,0,0,0
8674,2026-03-11 06:54:07,比亚迪 海豹 ,比亚迪 海豹 2025款 650智驾版,14.3,14.3,2025年,0.63,"https://image-public.guazistatic.com/qnbdp7206x98fb3e7d3a9b4e66b6af7d8bdfa0c8b81772182812.jpg?x-bce-process=image/quality,q_88/resize,m_fill,w_330,h_220",https://www.guazi.com/car-detail/c163350258319237.html,晋城,0,0,,0,0,0
8676,2026-03-11 06:59:47,长安启源A07 ,长安启源A07 2024款 纯电 真香版 710 旗舰型,12.06,12.06,2026年,0.0,"https://image-public.guazistatic.com/qnbdp7206x0fc5e4134ee04ef4ba63f7828d63ed451769759603.jpg?x-bce-process=image/quality,q_88/resize,m_fill,w_330,h_220",https://www.guazi.com/car-detail/c162488089255615.html,开封,0,0,,0,0,0
8684,2026-03-11 06:59:41,小鹏P7+ ,小鹏P7+ 2024款 长续航 Max,13.84,13.84,2025年,1.87,"https://image-public.guazistatic.com/qnbdp7206x419cc60df60d46ad8c8b956813f5d19a1769388255.jpg?x-bce-process=image/quality,q_88/resize,m_fill,w_330,h_220",https://www.guazi.com/car-detail/c162221712241974.html,嘉兴,0,0,,0,0,0
8685,2026-03-11 06:59:41,特斯拉 Model Y ,特斯拉 Model Y 2021款 改款二 长续航全轮驱动版,13.17,13.17,2021年,15.69,"https://image-public.guazistatic.com/qnbdp7206xcdc4976581f645ac946dfbb99b3086971770103398.jpg?x-bce-process=image/quality,q_88/resize,m_fill,w_330,h_220",https://www.guazi.com/car-detail/c162659808196721.html,日照,0,0,,0,0,0
8720,2026-03-11 06:59:47,宝马iX1 ,宝马iX1 2023款 xDrive30L X设计套装,13.46,13.46,2024年,1.42,"https://image-public.guazistatic.com/qnbdp7206x3a44139f0b7547bd8b4c60d89f0104e31770601370.jpg?x-bce-process=image/quality,q_88/resize,m_fill,w_330,h_220",https://www.guazi.com/car-detail/c162854712302255.html,阜阳,0,0,,0,0,0
8809,2026-03-11 06:54:07,乐道L60 ,乐道L60 2024款 60kWh 四驱版,14.6,14.6,2024年,1.34,"https://image-public.guazistatic.com/qnbdp7206x1dd6809cb67c4695976a145377540bf31766971320.jpg?x-bce-process=image/quality,q_88/resize,m_fill,w_330,h_220",https://www.guazi.com/car-detail/c161142530698136.html,苏州,0,0,,0,0,0
8814,2026-03-11 06:54:07,比亚迪 元PLUS ,比亚迪 元PLUS 2025款 智驾版 510KM 超越型,10.13,10.13,2025年,0.0,"https://image-public.guazistatic.com/qnbdp7206xcaa8ef75a2de494294a0c67d3a12015d1768541130.jpg?x-bce-process=image/quality,q_88/resize,m_fill,w_330,h_220",https://www.guazi.com/car-detail/c161917499183765.html,上海,0,0,,0,0,0
8836,2026-03-11 06:59:52,特斯拉 Model 3 ,特斯拉 Model 3 2020款 标准续航后驱升级版,10.16,10.16,2020年,11.16,"https://image-public.guazistatic.com/qnbdp7206xf859744ab65540969ce6854cc6c671931769495600.jpg?x-bce-process=image/quality,q_88/resize,m_fill,w_330,h_220",https://www.guazi.com/car-detail/c162372847334187.html,济宁,0,0,,0,0,0
8852,2026-03-11 06:54:07,乐道L60 ,乐道L60 2024款 60kWh 后驱版,11.07,11.07,2025年,3.9,"https://image-public.guazistatic.com/qnbdp7206xc43533f8e4ee47ddaec105f8504302041770523788.jpg?x-bce-process=image/quality,q_88/resize,m_fill,w_330,h_220",https://www.guazi.com/car-detail/c162819199336659.html,苏州,0,0,,0,0,0
8910,2026-03-11 06:59:47,比亚迪 宋L EV ,比亚迪 宋L EV 2025款 智驾版 662km 激光雷达卓越型,14.57,14.57,2025年,0.74,"https://image-public.guazistatic.com/qnbdp7206x4e1432c96dca4ab5ab4bd6556fa911ae1772507670.jpg?x-bce-process=image/quality,q_88/resize,m_fill,w_330,h_220",https://www.guazi.com/car-detail/c163541048115027.html,杭州,0,0,,0,0,0
9063,2026-03-11 06:54:07,特斯拉 Model Y ,特斯拉 Model Y 2021款 标准续航后驱版,13.23,13.23,2021年,13.46,"https://image-public.guazistatic.com/qnbdp7206x220ce6344a614c1482ca541b02666f351772677962.jpg?x-bce-process=image/quality,q_88/resize,m_fill,w_330,h_220",https://www.guazi.com/car-detail/c163678653114480.html,温州,0,0,,0,0,0
9080,2026-03-11 06:59:41,特斯拉 Model 3 ,特斯拉 Model 3 2022款 后轮驱动版,14.44,14.44,2023年,5.83,"https://image-public.guazistatic.com/qnbdp7206x0d45049aa6194dfaad93e51f8b81833d1769318875.jpg?x-bce-process=image/quality,q_88/resize,m_fill,w_330,h_220",https://www.guazi.com/car-detail/c162031282304662.html,成都,0,0,,0,0,0
9085,2026-03-11 06:54:07,特斯拉 Model 3 ,特斯拉 Model 3 2020款 标准续航后驱升级版,10.11,10.11,2020年,7.63,"https://image-public.guazistatic.com/qnbdp125x189f704a7e93434b88b91c5d963710021764668261.jpg?x-bce-process=image/quality,q_88/resize,m_fill,w_330,h_220",https://www.guazi.com/car-detail/c160018064947072.html,杭州,0,0,,0,0,0
9170,2026-03-11 06:59:41,雷克萨斯NX ,雷克萨斯NX 2020款 200 全驱 锋尚版 国VI,13.36,13.36,2020年,16.89,"https://image-public.guazistatic.com/qnbdp7964xe3f94995c6b248cba9bbc6d686d95f701770017161.jpg?x-bce-process=image/quality,q_88/resize,m_fill,w_330,h_220",https://www.guazi.com/car-detail/c162607465241377.html,盐城,0,0,,0,0,0
9234,2026-03-11 06:54:07,大众 途岳 ,大众 途岳 2022款 280TSI 两驱豪华版,10.24,10.24,2022年,6.65,"https://image-public.guazistatic.com/qnbdp7206xcc30271620154388b54858c7e08d4dd11772629388.jpg?x-bce-process=image/quality,q_88/resize,m_fill,w_330,h_220",https://www.guazi.com/car-detail/c163652640692123.html,广州,0,0,,0,0,0
9240,2026-03-11 06:59:52,奥迪Q3 ,奥迪Q3 2021款 35 TFSI 进取动感型,11.81,11.81,2021年,6.24,"https://image-public.guazistatic.com/qnbdp7206x55820e75e804402bb74c79d5f7fd39051768882475.jpg?x-bce-process=image/quality,q_88/resize,m_fill,w_330,h_220",https://www.guazi.com/car-detail/c162016417151461.html,广州,0,0,,0,0,0
9322,2026-03-11 06:59:52,沃尔沃XC60 ,沃尔沃XC60 2021款 T5 四驱智逸豪华版,11.97,11.97,2021年,13.06,"https://image-public.guazistatic.com/qnbdp7206xa0dbd44d270f4dc2aeabe0f918c562051763172701.jpg?x-bce-process=image/quality,q_88/resize,m_fill,w_330,h_220",https://www.guazi.com/car-detail/c159460548226054.html,广州,0,0,,0,0,0
9340,2026-03-11 06:59:41,奥迪A3 ,奥迪A3 2022款 Sportback 35 TFSI 时尚运动型,11.81,11.81,2022年,5.27,"https://image-public.guazistatic.com/qnbdp7206x75841b4d4e924a1b8795d720082dbe111772155910.jpg?x-bce-process=image/quality,q_88/resize,m_fill,w_330,h_220",https://www.guazi.com/car-detail/c163346741319727.html,合肥,0,0,,0,0,0
9376,2026-03-11 06:59:52,奥迪A3 ,奥迪A3 2022款 A3L Limousine 35 TFSI 进取运动型,10.42,10.42,2022年,5.59,"https://image-public.guazistatic.com/qnbdp7206x26a4e45bb94b42f2b89bed8bef02fd101768884636.jpg?x-bce-process=image/quality,q_88/resize,m_fill,w_330,h_220",https://www.guazi.com/car-detail/c162070500495704.html,重庆,0,0,,0,0,0
9488,2026-03-11 06:59:41,丰田 凯美瑞 ,丰田 凯美瑞 2021款 双擎 2.5HGVP 领先版,10.98,10.98,2022年,6.64,"https://image-public.guazistatic.com/qnbdp7206xbc1df65c552041829a9ad4708164b8ce1772272848.jpg?x-bce-process=image/quality,q_88/resize,m_fill,w_330,h_220",https://www.guazi.com/car-detail/c163410608158004.html,广州,0,0,,0,0,0
9498,2026-03-11 06:59:41,斯柯达 柯迪亚克 ,斯柯达 柯迪亚克 2022款 TSI330 7座两驱奢享版,11.62,11.62,2023年,4.66,"https://image-public.guazistatic.com/qnbdp7206xd70fec4d102b4e499573f11d42cf26bd1772607499.jpg?x-bce-process=image/quality,q_88/resize,m_fill,w_330,h_220",https://www.guazi.com/car-detail/c163633064254494.html,上海,0,0,,0,0,0
9536,2026-03-11 06:59:41,马自达CX-5 ,马自达CX-5 2024款 2.0L 自动两驱智尚型,12.18,12.18,2024年,2.51,"https://image-public.guazistatic.com/qnbdp7206xdbeaa1c9db1949948f86d3b8bbf8979f1772250012.jpg?x-bce-process=image/quality,q_88/resize,m_fill,w_330,h_220",https://www.guazi.com/car-detail/c163408426689892.html,常州,0,0,,0,0,0
9551,2026-03-11 06:54:07,大众 途昂 ,大众 途昂 2019款 380TSI 四驱豪华版 国V,12.45,12.45,2019年,11.75,"https://image-public.guazistatic.com/qnbdp7206x5fe11dbcec1c4aa7875eb0ea3e344b871767252597.jpg?x-bce-process=image/quality,q_88/resize,m_fill,w_330,h_220",https://www.guazi.com/car-detail/c161312592136090.html,广州,0,0,,0,0,0
9617,2026-03-11 06:54:07,大众 途岳 ,大众 途岳 2023款 300TSI 两驱皎月版,10.24,10.24,2023年,0.76,"https://image-public.guazistatic.com/qnbdp7206xbb245e03788641d0a033eafe984410cc1771741542.jpg?x-bce-process=image/quality,q_88/resize,m_fill,w_330,h_220",https://www.guazi.com/car-detail/c163112021234365.html,武汉,0,0,,0,0,0
9638,2026-03-11 06:59:47,大众 探岳 ,大众 探岳 2021款 330TSI 两驱3周年限量版,10.37,10.37,2022年,5.59,"https://image-public.guazistatic.com/qnbdp7964xe336e451f9ed444f8cfb9250e5dea8c01764904314.jpg?x-bce-process=image/quality,q_88/resize,m_fill,w_330,h_220",https://www.guazi.com/car-detail/c160296931438104.html,广州,0,0,,0,0,0
9682,2026-03-11 06:59:41,别克GL8 ,别克GL8 2018款 ES 28T 尊享型 国VI,10.21,10.21,2019年,12.02,"https://image-public.guazistatic.com/qnbdp125x4391b3d4a46048eeb90cdcc80cfefc361762913756.jpg?x-bce-process=image/quality,q_88/resize,m_fill,w_330,h_220",https://www.guazi.com/car-detail/c159261624698706.html,苏州,0,0,,0,0,0
9729,2026-03-11 06:59:52,大众 辉昂 ,大众 辉昂 2019款 380TSI 两驱商务版 国VI,10.19,10.19,2019年,15.73,"https://image-public.guazistatic.com/qnbdp7206x95acb57ff9d94a23a3ce103fc2be9ec91770207955.jpg?x-bce-process=image/quality,q_88/resize,m_fill,w_330,h_220",https://www.guazi.com/car-detail/c162696766271460.html,广州,0,0,,0,0,0
9752,2026-03-11 06:59:52,马自达CX-5 ,马自达CX-5 2024款 2.0L 自动两驱智尚Pro,11.32,11.32,2024年,2.99,"https://image-public.guazistatic.com/qnbdp7206x7cbe3747cb3348509f6cbe98421978251772427370.jpg?x-bce-process=image/quality,q_88/resize,m_fill,w_330,h_220",https://www.guazi.com/car-detail/c163466876165363.html,台州,0,0,,0,0,0
9763,2026-03-11 06:54:07,广汽传祺 传祺M8 ,广汽传祺 传祺M8 2021款 领秀系列 390T 至尊版,11.34,11.34,2021年,9.11,"https://image-public.guazistatic.com/qnbdp125xea60759b15cc472d8ff90a9cfd1f17131765414943.jpg?x-bce-process=image/quality,q_88/resize,m_fill,w_330,h_220",https://www.guazi.com/car-detail/c160253645187557.html,德州,1,0,,3,1,1
9817,2026-03-11 06:59:41,大众 ,大众 2022款 凌渡L 280TSI DSG酷辣版,10.24,10.24,2023年,6.53,"https://image-public.guazistatic.com/qnbdp7206x4baff0d7512d4bdd9925ccd2121f1fa61768196642.jpg?x-bce-process=image/quality,q_88/resize,m_fill,w_330,h_220",https://www.guazi.com/car-detail/c161645545102732.html,广州,0,0,,0,0,0
9833,2026-03-11 06:59:47,奥迪A3 ,奥迪A3 2022款 A3L Limousine 35 TFSI 时尚运动型,13.57,13.57,2023年,5.24,"https://image-public.guazistatic.com/qnbdp7206x208c344f425947e28f4d8f10e4b2bf581769329008.jpg?x-bce-process=image/quality,q_88/resize,m_fill,w_330,h_220",https://www.guazi.com/car-detail/c162287096130470.html,广州,0,0,,0,0,0
9868,2026-03-11 06:59:41,奥迪A3 ,奥迪A3 2021款 A3L Limousine 35 TFSI 时尚致雅型,10.18,10.18,2021年,7.38,"https://image-public.guazistatic.com/qnbdp7206xfcc75d177a194c6a91001d167d066e951766568939.jpg?x-bce-process=image/quality,q_88/resize,m_fill,w_330,h_220",https://www.guazi.com/car-detail/c161011780151152.html,武汉,0,0,,0,0,0
9888,2026-03-11 06:59:47,丰田 凯美瑞 ,丰田 凯美瑞 2021款 双擎 2.5HGVP 领先版,12.95,12.95,2022年,2.81,"https://image-public.guazistatic.com/qnbdp7206x6bdb5033ff7049fd9ec4db920e65ef3f1763191175.jpg?x-bce-process=image/quality,q_88/resize,m_fill,w_330,h_220",https://www.guazi.com/car-detail/c159535161196979.html,临沂,0,0,,0,0,0
9955,2026-03-11 06:59:41,丰田 威兰达 ,丰田 威兰达 2024款 2.0L CVT四驱豪华PLUS版,13.83,13.83,2025年,4.3,"https://image-public.guazistatic.com/qnbdp7964xb7a8848cd4804ad996bd797d1bbc38d91770615510.jpg?x-bce-process=image/quality,q_88/resize,m_fill,w_330,h_220",https://www.guazi.com/car-detail/c162869954869130.html,西安,0,0,,0,0,0
10046,2026-03-11 06:59:47,奥迪Q3 ,奥迪Q3 2022款 35 TFSI 进取动感型,15.22,15.22,2022年,1.87,"https://image-public.guazistatic.com/qnbdp7206x6a716ac7ad4645dda74f6efbcee96bb61772536358.jpg?x-bce-process=image/quality,q_88/resize,m_fill,w_330,h_220",https://www.guazi.com/car-detail/c163545105195993.html,广州,0,0,,0,0,0
10060,2026-03-11 06:59:41,MINI ,MINI 2023款 2.0T COOPER S 艺术家 五门版,17.14,17.14,2022年,2.57,"https://image-public.guazistatic.com/qnbdp7206x2546a74e1d0540e88457af0d16ae09331768098667.jpg?x-bce-process=image/quality,q_88/resize,m_fill,w_330,h_220",https://www.guazi.com/car-detail/c160573977255673.html,郑州,0,0,,0,0,0
